Workbook

Sheet Assets
A1: Asset ID | B1: Asset Name | C1: Department | D1: Owner | E1: Location | F1: Criticality | G1: Asset Type
A2: A001 | B2: Domain Controller | C2: IT | D2: IT Manager | E2: Server Room | F2: High | G2: Server
A3: A002 | B3: HR Database | C3: HR | D3: HR Manager | E3: SQL Server | F3: High | G3: Database
A4: A003 | B4: Finance Server | C4: Finance | D4: CFO | E4: Azure | F4: High | G4: Server
A5: A004 | B5: Employee Laptop 01 | C5: IT | D5: John Smith | E5: Office | F5: Medium | G5: Laptop
A6: A005 | B6: CEO Laptop | C6: Executive | D6: CEO | E6: Office | F6: High | G6: Laptop
A7: A006 | B7: Microsoft 365 | C7: IT | D7: IT Manager | E7: Cloud | F7: High | G7: SaaS
A8: A007 | B8: Company Website | C8: Marketing | D8: Marketing Manager | E8: Azure | F8: High | G8: Web Server
A9: A008 | B9: File Server | C9: IT | D9: IT Manager | E9: Server Room | F9: High | G9: Storage
A10: A009 | B10: Network Switch | C10: IT | D10: Network Admin | E10: Server Room | F10: Medium | G10: Network Device
A11: A010 | B11: Firewall | C11: IT | D11: Security Admin | E11: Server Room | F11: Critical | G11: Security Device

Sheet Risks
A1: Risk ID | B1: Risk Name | C1: Category | D1: Description
A2: 1 | B2: Weak Passwords | C2: Identity | D2: Weak password policy
A3: 2 | B3: Missing Windows Updates | C3: Patch Management | D3: Systems not updated
A4: 3 | B4: Phishing | C4: Social Engineering | D4: Users click malicious emails
A5: 4 | B5: Malware | C5: Endpoint Security | D5: Malware infection
A6: 5 | B6: Insider Threat | C6: Human | D6: Employee misuse
A7: 6 | B7: SQL Injection | C7: Application Security | D7: Database attack
A8: 7 | B8: Data Leakage | C8: Data Security | D8: Sensitive data exposed
A9: 8 | B9: Backup Failure | C9: Disaster Recovery | D9: Failed backups
A10: 9 | B10: Ransomware | C10: Malware | D10: Data encryption attack
A11: 10 | B11: DDoS Attack | C11: Network Security | D11: Website unavailable

Sheet Vulnerabilities
A1: Vulnerability ID | B1: Risk ID | C1: Asset ID | D1: Vulnerability | E1: Likelihood | F1: Impact | G1: Risk Score | H1: Risk Level
A2: V001 | B2: 1 | C2: A004 | D2: Weak Password Policy | E2: 4 | F2: 4 | G2: =E2*F2 -> 16 | H2: =IF(G2<=5,"Low", IF(G2<=10,"Medium", IF(G2<=15,"High","Critical"))) -> Critical
A3: V002 | B3: 2 | C3: A001 | D3: Missing Security Updates | E3: 5 | F3: 5 | G3: =E3*F3 -> 25 | H3: =IF(G3<=5,"Low", IF(G3<=10,"Medium", IF(G3<=15,"High","Critical"))) -> Critical
A4: V003 | B4: 3 | C4: A004 | D4: No Security Awareness Training | E4: 4 | F4: 3 | G4: =E4*F4 -> 12 | H4: =IF(G4<=5,"Low", IF(G4<=10,"Medium", IF(G4<=15,"High","Critical"))) -> High
A5: V004 | B5: 4 | C5: A004 | D5: Antivirus Outdated | E5: 5 | F5: 4 | G5: =E5*F5 -> 20 | H5: =IF(G5<=5,"Low", IF(G5<=10,"Medium", IF(G5<=15,"High","Critical"))) -> Critical
A6: V005 | B6: 5 | C6: A002 | D6: Excessive User Permissions | E6: 3 | F6: 5 | G6: =E6*F6 -> 15 | H6: =IF(G6<=5,"Low", IF(G6<=10,"Medium", IF(G6<=15,"High","Critical"))) -> High
A7: V006 | B7: 6 | C7: A002 | D7: Unsanitized SQL Input | E7: 4 | F7: 5 | G7: =E7*F7 -> 20 | H7: =IF(G7<=5,"Low", IF(G7<=10,"Medium", IF(G7<=15,"High","Critical"))) -> Critical
A8: V007 | B8: 7 | C8: A008 | D8: Sensitive Files Unencrypted | E8: 4 | F8: 5 | G8: =E8*F8 -> 20 | H8: =IF(G8<=5,"Low", IF(G8<=10,"Medium", IF(G8<=15,"High","Critical"))) -> Critical
A9: V008 | B9: 8 | C9: A008 | D9: Backups Not Tested | E9: 3 | F9: 4 | G9: =E9*F9 -> 12 | H9: =IF(G9<=5,"Low", IF(G9<=10,"Medium", IF(G9<=15,"High","Critical"))) -> High
A10: V009 | B10: 9 | C10: A006 | D10: MFA Disabled | E10: 5 | F10: 5 | G10: =E10*F10 -> 25 | H10: =IF(G10<=5,"Low", IF(G10<=10,"Medium", IF(G10<=15,"High","Critical"))) -> Critical
A11: V010 | B11: 10 | C11: A007 | D11: Firewall Rules Misconfigured | E11: 3 | F11: 4 | G11: =E11*F11 -> 12 | H11: =IF(G11<=5,"Low", IF(G11<=10,"Medium", IF(G11<=15,"High","Critical"))) -> High

Sheet Dashboard Data
A1: Metric | B1: Value
A2: Total Assets | B2: =COUNTA(Assets!A2:A100) -> 10
A3: Total Risks | B3: =COUNTA(Risks!A2:A100) -> 10
A4: Critical Risks | B4: =COUNTIF(Vulnerabilities!H:H,"Critical") -> 6
A5: High Risks | B5: =COUNTIF(Vulnerabilities!H:H,"High") -> 4
A6: Medium Risks | B6: =COUNTIF(Vulnerabilities!H:H,"Medium") -> 0
A7: Low Risks | B7: =COUNTIF(Vulnerabilities!H:H,"Low") -> 0
A8: Metric | B8: Value
A9: Total Controls | B9: 10
A10: Compliant Controls | B10: 4
A11: Partial Controls | B11: 2
A12: Non-Compliant Controls | B12: 4
A13: Compliance Percentage | B13: 0.5
A14: Compliance Rating | B14: Poor

Sheet Risk Matrix
A1: Impact ↓ / Likelihood → | B1: 1 | C1: 2 | D1: 3 | E1: 4 | F1: 5
A2: 5 | B2: 5 | C2: 10 | D2: 15 | E2: 20 | F2: 25
A3: 4 | B3: 4 | C3: 8 | D3: 12 | E3: 16 | F3: 20
A4: 3 | B4: 3 | C4: 6 | D4: 9 | E4: 12 | F4: 15
A5: 2 | B5: 2 | C5: 4 | D5: 6 | E5: 8 | F5: 10
A6: 1 | B6: 1 | C6: 2 | D6: 3 | E6: 4 | F6: 5

Sheet Risk Scale
A1: A | B1: B
A2: Risk Score Range | B2: Risk Level
A3: 1–5 | B3: Low
A4: 6–10 | B4: Medium
A5: 11–15 | B5: High
A6: 16–25 | B6: Critical

Sheet Compliance
A1: Control ID | B1: Control Name | C1: Category | D1: Status | E1: Priority | F1: Recommendation
A2: C001 | B2: Multi-Factor Authentication (MFA) | C2: Access Control | D2: No | E2: High | F2: Enable MFA for all users
A3: C002 | B3: Password Policy | C3: Identity Management | D3: Yes | E3: High | F3: Review every 90 days
A4: C003 | B4: Antivirus Protection | C4: Endpoint Security | D4: Yes | E4: High | F4: Keep signatures updated
A5: C004 | B5: Operating System Patching | C5: Patch Management | D5: No | E5: High | F5: Apply monthly security patches
A6: C005 | B6: Firewall Configuration | C6: Network Security | D6: Yes | E6: High | F6: Review firewall rules quarterly
A7: C006 | B7: Data Encryption | C7: Data Protection | D7: Partial | E7: High | F7: Encrypt all sensitive files
A8: C007 | B8: Security Awareness Training | C8: Security Awareness | D8: No | E8: Medium | F8: Conduct quarterly training
A9: C008 | B9: Backup and Recovery | C9: Business Continuity | D9: Partial | E9: High | F9: Test backups monthly
A10: C009 | B10: Incident Response Plan | C10: Incident Management | D10: No | E10: High | F10: Develop and test an IR plan
A11: C010 | B11: Asset Inventory | C11: Asset Management | D11: Yes | E11: Medium | F11: Update inventory monthly

Sheet Compliance Summary.
A1: Status | B1: Count
A2: Yes | B2: =COUNTIF(Compliance!D:D,"Yes") -> 4
A3: Partial | B3: =COUNTIF(Compliance!D:D,"Partial") -> 2
A4: No | B4: =COUNTIF(Compliance!D:D,"No") -> 4
A5: Total Controls | B5: =COUNTA(Compliance!A2:A100) -> 10
A7: Compliance Score | B7: =B2*1+B3*0.5 -> 5
A8: Compliance Percentage: | B8: =B7/B5 *100 -> 50
A11: Compliance Rating
A12: Compliance % | B12: Rating
A13: 90–100 | B13: Excellent
A14: 75–89 | B14: Good
A15: 60–74 | B15: Fair
A16: Below 60 | B16: Poor
A19: Missing Control | B19: Risk
A20: MFA | B20: Account compromise
A21: Operating System Patching | B21: Malware and ransomware
A22: Security Awareness Training | B22: Phishing attacks
A23: Incident Response Plan | B23: Slow incident recovery

Sheet Recommendations
A1: Recommendation ID | B1: Related Control/Risk | C1: Priority | D1: Recommendation | E1: Expected Benefit | F1: Status
A2: REC001 | B2: MFA Disabled | C2: High | D2: Enable Multi-Factor Authentication for all user and administrator accounts. | E2: Reduces the risk of unauthorized access. | F2: Open
A3: REC002 | B3: Missing Security Updates | C3: High | D3: Implement a monthly patch management process for all systems. | E3: Reduces exposure to known vulnerabilities. | F3: Open
A4: REC003 | B4: Weak Password Policy | C4: High | D4: Enforce strong password policies and password expiration. | E4: Improves account security. | F4: Open
A5: REC004 | B5: SQL Injection | C5: High | D5: Use parameterized queries and validate user input. | E5: Protects databases from SQL injection attacks. | F5: Open
A6: REC005 | B6: Data Encryption | C6: High | D6: Encrypt sensitive company data both at rest and in transit. | E6: Protects confidential information. | F6: Open
A7: REC006 | B7: Security Awareness | C7: Medium | D7: Conduct cybersecurity awareness training every quarter. | E7: Reduces phishing and social engineering risks. | F7: Open
A8: REC007 | B8: Backup Process | C8: Medium | D8: Test backup restoration procedures every month. | E8: Ensures reliable disaster recovery. | F8: Open
A9: REC008 | B9: Firewall Rules | C9: Medium | D9: Review firewall rules every quarter. | E9: Improves network security. | F9: Open
A10: REC009 | B10: Incident Response | C10: High | D10: Develop and test an Incident Response Plan. | E10: Improves response to security incidents. | F10: Open
A11: REC010 | B11: Asset Inventory | C11: Low | D11: Review and update the asset inventory monthly. | E11: Keeps records accurate and supports risk management. | F11: Open
